<?xml version="1.0" encoding="UTF-8"?>
<root>
  <row>
    <voornaam_kind>Gerardus</voornaam_kind>
    <achternaam_kind>Kok</achternaam_kind>
    <voornaam_aangever>Frederik</voornaam_aangever>
    <achternaam_aangever>Kok</achternaam_aangever>
    <beroep_aangever>kruideniersbediende</beroep_aangever>
    <leeftijd_aangever>29</leeftijd_aangever>
    <voornaam_moeder>Maria Ursula</voornaam_moeder>
    <achternaam_moeder>Tronnier</achternaam_moeder>
    <beroep_moeder></beroep_moeder>
    <geboorteplaats_kind>Amsterdam</geboorteplaats_kind>
    <geboortedatum_kind>1916-05-23</geboortedatum_kind>
    <straatnaam>Jacob van Lennepstraat</straatnaam>
    <huisnummer>345</huisnummer>
    <huisnummer_toevoeging></huisnummer_toevoeging>
    <akte_datum>1916-05-24</akte_datum>
  </row>
  <row>
    <voornaam_kind>Hendrika</voornaam_kind>
    <achternaam_kind>van den Barge</achternaam_kind>
    <voornaam_aangever>Kornelis</voornaam_aangever>
    <achternaam_aangever>van den Barge</achternaam_aangever>
    <beroep_aangever>electricien</beroep_aangever>
    <leeftijd_aangever>30</leeftijd_aangever>
    <voornaam_moeder>Hendrika Helena</voornaam_moeder>
    <achternaam_moeder>Verweij</achternaam_moeder>
    <beroep_moeder></beroep_moeder>
    <geboorteplaats_kind>Amsterdam</geboorteplaats_kind>
    <geboortedatum_kind>1916-05-23</geboortedatum_kind>
    <straatnaam>van Boetselaarstraat</straatnaam>
    <huisnummer>29</huisnummer>
    <huisnummer_toevoeging></huisnummer_toevoeging>
    <akte_datum>1916-05-24</akte_datum>
  </row>
  <row>
    <voornaam_kind>Johannes</voornaam_kind>
    <achternaam_kind>Vos</achternaam_kind>
    <voornaam_aangever>Cornelis Johannes</voornaam_aangever>
    <achternaam_aangever>Vos</achternaam_aangever>
    <beroep_aangever>kleermaker</beroep_aangever>
    <leeftijd_aangever>30</leeftijd_aangever>
    <voornaam_moeder>Sophie Maria Catharina</voornaam_moeder>
    <achternaam_moeder>Mahn</achternaam_moeder>
    <beroep_moeder></beroep_moeder>
    <geboorteplaats_kind>Amsterdam</geboorteplaats_kind>
    <geboortedatum_kind>1916-05-24</geboortedatum_kind>
    <straatnaam>Pieter Langendijkstraat</straatnaam>
    <huisnummer>20</huisnummer>
    <huisnummer_toevoeging></huisnummer_toevoeging>
    <akte_datum>1916-05-24</akte_datum>
  </row>
  <row>
    <voornaam_kind>Ariaantje</voornaam_kind>
    <achternaam_kind>Mellegers</achternaam_kind>
    <voornaam_aangever>Adriaan Johannes</voornaam_aangever>
    <achternaam_aangever>Mellegers</achternaam_aangever>
    <beroep_aangever>magazijnbediende</beroep_aangever>
    <leeftijd_aangever>25</leeftijd_aangever>
    <voornaam_moeder>Geertje</voornaam_moeder>
    <achternaam_moeder>Engel</achternaam_moeder>
    <beroep_moeder></beroep_moeder>
    <geboorteplaats_kind>Amsterdam</geboorteplaats_kind>
    <geboortedatum_kind>1916-05-22</geboortedatum_kind>
    <straatnaam>Lauriersstraat</straatnaam>
    <huisnummer>124</huisnummer>
    <huisnummer_toevoeging></huisnummer_toevoeging>
    <akte_datum>1916-05-24</akte_datum>
  </row>
  <row>
    <voornaam_kind>Cornelia Johanna</voornaam_kind>
    <achternaam_kind>Verhoeven</achternaam_kind>
    <voornaam_aangever>Adrianus Antonius</voornaam_aangever>
    <achternaam_aangever>Verhoeven</achternaam_aangever>
    <beroep_aangever>schoenmaker</beroep_aangever>
    <leeftijd_aangever>37</leeftijd_aangever>
    <voornaam_moeder>Johanna Maria</voornaam_moeder>
    <achternaam_moeder>Rouwenhoff</achternaam_moeder>
    <beroep_moeder></beroep_moeder>
    <geboorteplaats_kind>Amsterdam</geboorteplaats_kind>
    <geboortedatum_kind>1916-05-21</geboortedatum_kind>
    <straatnaam>de Clercqstraat</straatnaam>
    <huisnummer>18</huisnummer>
    <huisnummer_toevoeging></huisnummer_toevoeging>
    <akte_datum>1916-05-24</akte_datum>
  </row>
  <row>
    <voornaam_kind>Martinus</voornaam_kind>
    <achternaam_kind>Pastor</achternaam_kind>
    <voornaam_aangever>Karel</voornaam_aangever>
    <achternaam_aangever>Pastor</achternaam_aangever>
    <beroep_aangever>koperdraadwerker</beroep_aangever>
    <leeftijd_aangever>37</leeftijd_aangever>
    <voornaam_moeder>Cornelia</voornaam_moeder>
    <achternaam_moeder>Luckerhoff</achternaam_moeder>
    <beroep_moeder></beroep_moeder>
    <geboorteplaats_kind>Amsterdam</geboorteplaats_kind>
    <geboortedatum_kind>1916-05-23</geboortedatum_kind>
    <straatnaam>Laurierstraat</straatnaam>
    <huisnummer>49</huisnummer>
    <huisnummer_toevoeging></huisnummer_toevoeging>
    <akte_datum>1916-05-24</akte_datum>
  </row>
</root>